,l1 size,sim_seconds
3,8,0.000045
0,16,0.000045
1,32,0.000045
2,64,0.000045
