,l1 size,sim_seconds
5,8,0.002343
1,16,0.002343
3,32,0.002334
4,64,0.002286
0,128,0.002286
2,256,0.002286
