,l1 associatividade,system.cpu.dcache.overall_miss_rate::total
0,1,0.009736
2,2,0.003840
4,4,0.003865
6,8,0.003865
1,16,0.003861
3,32,0.003864
5,64,0.003865
