,l1 associatividade,system.cpu.dcache.overall_miss_rate::total
0,1,0.001508
2,2,0.001245
4,4,0.001324
6,8,0.001350
1,16,0.001378
3,32,0.001382
5,64,0.001388
