,l1 size,sim_seconds
0,16,0.003308
1,32,0.003324
2,64,0.003321
